Bond Length JSD,Bond Angle JSD,Torsion Angle JSD
"{""C:C"": 0.5806477678055686, ""CC"": 0.6316615717391817, ""CN"": 0.5152990450809449, ""C:N"": 0.5798550291391182, ""CO"": 0.5280546100322842, ""C=O"": 0.7885076983619096, ""N:N"": 0.7490314383578591}","{""C:C:C"": 0.433012322643818, ""C:C:N"": 0.5299998276576035, ""CCN"": 0.5010798300899936, ""CC:C"": 0.49228661174991334, ""C:N:C"": 0.6463699617972922, ""CNC"": 0.5822666374487033, ""C:CC"": 0.516313008607297, ""CCC"": 0.6132835928976433, ""C:CN"": 0.634280825417488, ""C:CO"": 0.4648573117828082, ""C:N:N"": 0.7289067572149707, ""CC:N"": 0.7137581907634779, ""COC"": 0.5580182301861313, ""CCO"": 0.582077026714137, ""C:C:S"": 0.7590383423282219, ""NC=O"": 0.6915773945831117, ""CC=O"": 0.5476915143335648, ""N:C:N"": 0.792923522740417, ""NC:N"": 0.7903636182237896, ""CC:S"": 0.8261944933108274, ""NCN"": 0.7576674037276417, ""N:CN"": 0.7609577808809829}","{""C:C:C:C"": 0.5010105488613406, ""C:C:N:C"": 0.4087281423747994, ""CCNC"": 0.5286284302177381, ""C:C:C:N"": 0.3743688516215062, ""C:C:CC"": 0.4438833713408034, ""CC:C:C"": 0.44635391841541877, ""C:CNC"": 0.7276212824636634, ""C:C:CN"": 0.49880658234219616, ""C:CC:C"": 0.7050074085245559, ""CCCN"": 0.6595205259066509, ""CC:C:N"": 0.48479592821854256, ""C:C:CO"": 0.35150102902757724, ""C:C:N:N"": 0.4901256089454528, ""CC:N:C"": 0.6721025611387993, ""C:COC"": 0.6419271953428144, ""CCCC"": 0.6373275054566329, ""C:N:C:N"": 0.5975764791906868, ""C:C:S:C"": 0.46965519164254915, ""C:CCN"": 0.5660408745171267, ""CCOC"": 0.6416551853096796, ""NCCN"": 0.7657430162482652, ""C:CC:N"": 0.7074648739300291, ""C:N:CN"": 0.49144553142125086, ""C:C:C:S"": 0.6683018131700026, ""C:N:N:C"": 0.6191545624676382, ""CCC:C"": 0.714974752525684, ""C:CCC"": 0.7332664221882821, ""CNC:N"": 0.7994424277462227, ""N:C:C:N"": 0.5953749627268228, ""C:CC=O"": 0.6848663581046925, ""CNC=O"": 0.7271451684240978, ""NCCO"": 0.6897743411844824, ""CC:S:C"": 0.6535856163342002, ""CNCN"": 0.7712762892763217, ""CC:CC"": 0.6784971029948559, ""CC:N:N"": 0.4978096435463065, ""CCCO"": 0.6338114676964094, ""CC:C:S"": 0.6894776225465279, ""CC:CN"": 0.6689356266055998, ""N:C:N:N"": 0.6413195110074651, ""C:N:C=O"": 0.6315766561873869}"
