rmsd_fail,rmsd_mean,rmsd_<2A
0.02261553588987217,8.400316422968285,0.04929577464788732
