validity,qed,sa,logp,lipinski,uniqueness,diversity
0.802,0.4969061073056195,0.7764463840398972,1.6372034538653395,4.830423940149626,1.0,0.7950217239504583
