strain_fail,strain_25,strain_50,strain_75
0.0029498525073746312,389.525,666.285,852.8649999999999
